<?xml version="1.0" encoding="UTF-8"?>
<project-private xmlns="http://www.netbeans.org/ns/project-private/1">
    <editor-bookmarks xmlns="http://www.netbeans.org/ns/editor-bookmarks/2" lastBookmarkId="0"/>
    <open-files xmlns="http://www.netbeans.org/ns/projectui-open-files/2">
        <group>
            <file>file:/E:/SE1809/LAB211/BTBatch1/V12/src/v12/V12.java</file>
            <file>file:/E:/SE1809/LAB211/BTBatch1/V12/src/v12/ATM.java</file>
            <file>file:/E:/SE1809/LAB211/BTBatch1/V12/src/v12/ATMApp.java</file>
            <file>file:/E:/SE1809/LAB211/BTBatch1/V12/src/v12/Account.java</file>
        </group>
    </open-files>
</project-private>
