<?xml version="1.0" encoding="UTF-8"?>
<project-private xmlns="http://www.netbeans.org/ns/project-private/1">
    <editor-bookmarks xmlns="http://www.netbeans.org/ns/editor-bookmarks/2" lastBookmarkId="0"/>
    <open-files xmlns="http://www.netbeans.org/ns/projectui-open-files/2">
        <group>
            <file>file:/E:/SE1809/LAB211/BTBatch1/V02/src/v02/DiscountBill.java</file>
            <file>file:/E:/SE1809/LAB211/BTBatch1/V02/src/v02/V02.java</file>
        </group>
    </open-files>
</project-private>
